               epoch,      train/box_loss,      train/obj_loss,      train/cls_loss,   metrics/precision,      metrics/recall,     metrics/mAP_0.5,metrics/mAP_0.5:0.95,        val/box_loss,        val/obj_loss,        val/cls_loss,               x/lr0,               x/lr1,               x/lr2
                   0,            0.067221,            0.030869,            0.012107,             0.53208,             0.57373,             0.50505,             0.22341,            0.046296,            0.017045,            0.003682,            0.070038,           0.0033291,           0.0033291
                   1,            0.049597,             0.02697,            0.005262,             0.64435,             0.61505,             0.64313,             0.28749,            0.042198,            0.016151,            0.003072,            0.040005,           0.0066295,           0.0066295
                   2,             0.04733,            0.026938,           0.0046584,             0.62376,             0.58941,             0.61174,              0.2656,            0.044649,             0.01751,           0.0030834,           0.0099388,           0.0098968,           0.0098968
                   3,            0.045244,            0.027029,           0.0046705,             0.73315,             0.61522,              0.6798,             0.33127,            0.041604,            0.016555,           0.0027884,           0.0098515,           0.0098515,           0.0098515
                   4,            0.043431,            0.026432,           0.0041805,             0.68055,             0.62803,             0.67216,              0.3138,            0.040117,            0.016439,           0.0032152,           0.0098515,           0.0098515,           0.0098515
                   5,            0.042369,            0.026078,           0.0039889,             0.67774,             0.63671,             0.68543,             0.34346,            0.038543,            0.015898,           0.0029771,            0.009802,            0.009802,            0.009802
                   6,            0.041879,            0.026079,           0.0039874,             0.69851,             0.64902,             0.70612,              0.3531,            0.039372,            0.015967,           0.0031139,           0.0097525,           0.0097525,           0.0097525
                   7,            0.040993,            0.025393,           0.0039273,             0.70108,             0.65691,             0.71308,             0.37228,            0.037954,            0.015381,           0.0022156,            0.009703,            0.009703,            0.009703
                   8,            0.040229,            0.025379,           0.0034492,             0.68084,             0.67448,               0.716,             0.36534,            0.037248,            0.015283,           0.0027009,           0.0096535,           0.0096535,           0.0096535
                   9,            0.040053,            0.025307,           0.0036361,             0.71658,             0.68399,             0.74386,             0.38321,            0.036983,            0.015288,           0.0020177,            0.009604,            0.009604,            0.009604
                  10,             0.03978,             0.02526,           0.0034375,             0.73668,              0.6869,             0.76064,             0.39246,            0.036858,             0.01512,           0.0021023,           0.0095545,           0.0095545,           0.0095545
                  11,            0.039414,            0.025016,           0.0033044,             0.70173,             0.70545,             0.75374,             0.40173,            0.036201,            0.015071,           0.0024458,            0.009505,            0.009505,            0.009505
                  12,            0.039178,            0.025137,           0.0033987,             0.73832,             0.71657,             0.77439,             0.41696,            0.035716,             0.01464,           0.0018088,           0.0094555,           0.0094555,           0.0094555
                  13,            0.038695,            0.024973,           0.0033306,             0.72952,             0.72276,             0.76637,             0.40687,            0.036137,            0.014722,           0.0021424,            0.009406,            0.009406,            0.009406
                  14,            0.038652,            0.024714,           0.0032334,             0.75047,             0.71533,             0.77985,             0.41715,            0.035699,            0.014613,           0.0018055,           0.0093565,           0.0093565,           0.0093565
                  15,            0.038292,             0.02465,           0.0031697,             0.75724,             0.72224,             0.79087,             0.42375,            0.035233,            0.014527,           0.0018023,            0.009307,            0.009307,            0.009307
                  16,            0.038269,            0.024583,           0.0030394,             0.75082,             0.73826,             0.78666,             0.42264,            0.035356,            0.014553,           0.0017983,           0.0092575,           0.0092575,           0.0092575
                  17,             0.03794,            0.024666,           0.0031649,             0.76547,             0.71499,             0.79179,             0.41517,            0.035289,            0.014654,            0.001771,            0.009208,            0.009208,            0.009208
                  18,            0.037737,            0.024415,           0.0029034,             0.76494,             0.71147,             0.79087,             0.43165,            0.035103,            0.014341,           0.0022469,           0.0091585,           0.0091585,           0.0091585
                  19,            0.037433,            0.024234,           0.0028397,             0.76871,             0.73475,              0.8002,             0.43413,            0.034585,            0.014182,           0.0016508,            0.009109,            0.009109,            0.009109
                  20,            0.037458,             0.02425,           0.0029022,             0.75384,             0.74977,              0.8065,             0.44687,            0.034492,            0.014111,            0.001514,           0.0090595,           0.0090595,           0.0090595
                  21,            0.037179,            0.024357,           0.0026069,             0.76217,             0.74517,             0.81151,             0.44834,            0.034036,            0.013989,           0.0018806,             0.00901,             0.00901,             0.00901
                  22,            0.037112,               0.024,           0.0027217,             0.78419,             0.75668,             0.82415,             0.45205,            0.034375,            0.013909,           0.0015398,           0.0089605,           0.0089605,           0.0089605
                  23,            0.036804,            0.023851,           0.0025789,              0.7676,             0.75141,             0.80465,             0.44021,            0.034473,            0.014118,           0.0019809,            0.008911,            0.008911,            0.008911
                  24,            0.036892,            0.024112,           0.0026077,             0.78732,             0.75242,             0.82438,             0.46046,            0.033875,            0.013724,           0.0014505,           0.0088615,           0.0088615,           0.0088615
                  25,             0.03667,            0.024077,           0.0026717,             0.76235,             0.76778,             0.82843,             0.45671,            0.033674,            0.013853,           0.0013762,            0.008812,            0.008812,            0.008812
                  26,            0.036524,            0.024162,           0.0025239,             0.76937,             0.77118,             0.82854,             0.47016,            0.033055,             0.01372,           0.0014754,           0.0087625,           0.0087625,           0.0087625
                  27,            0.036479,            0.023919,           0.0024701,             0.78241,             0.77656,             0.83953,             0.46976,            0.033178,            0.013573,           0.0013336,            0.008713,            0.008713,            0.008713
                  28,             0.03616,            0.023683,           0.0025796,             0.79137,             0.77843,             0.84334,             0.47736,            0.033213,            0.013583,           0.0013832,           0.0086635,           0.0086635,           0.0086635
                  29,             0.03623,            0.023949,           0.0024904,             0.79358,             0.77611,             0.84073,             0.47659,            0.033226,            0.013501,           0.0013554,            0.008614,            0.008614,            0.008614
                  30,            0.036026,            0.023614,           0.0026047,             0.77229,             0.79367,             0.84893,             0.48916,            0.032834,            0.013436,           0.0012939,           0.0085645,           0.0085645,           0.0085645
                  31,            0.036044,            0.023673,           0.0024426,             0.79534,             0.77984,             0.84619,             0.48239,            0.032874,            0.013462,           0.0011773,            0.008515,            0.008515,            0.008515
                  32,            0.035707,            0.023408,           0.0023219,             0.78536,             0.78909,             0.84997,             0.48689,            0.032444,            0.013337,           0.0012169,           0.0084655,           0.0084655,           0.0084655
                  33,            0.035534,            0.023331,           0.0023871,             0.79853,             0.78366,             0.85095,              0.4909,            0.032201,            0.013309,           0.0011647,            0.008416,            0.008416,            0.008416
                  34,             0.03532,            0.023419,           0.0022742,             0.80655,             0.79725,             0.85976,             0.49722,            0.032211,            0.013185,           0.0011975,           0.0083665,           0.0083665,           0.0083665
                  35,            0.035342,            0.023352,            0.002266,             0.80526,             0.78873,             0.85866,             0.49541,            0.031933,            0.013173,           0.0012187,            0.008317,            0.008317,            0.008317
                  36,            0.035288,            0.023237,           0.0022359,             0.79243,             0.80492,              0.8612,             0.49893,            0.032127,            0.013148,           0.0011775,           0.0082675,           0.0082675,           0.0082675
                  37,            0.035359,            0.023356,           0.0023895,             0.79908,              0.7993,             0.85995,             0.50439,            0.031867,            0.013086,            0.001205,            0.008218,            0.008218,            0.008218
                  38,            0.035153,            0.023389,           0.0023892,             0.81151,             0.80027,             0.86792,             0.50909,            0.031568,            0.013015,           0.0011738,           0.0081685,           0.0081685,           0.0081685
                  39,            0.034801,            0.023145,           0.0021836,             0.82034,             0.80343,             0.87204,             0.51061,            0.031178,             0.01294,           0.0011866,            0.008119,            0.008119,            0.008119
                  40,            0.034875,            0.023262,           0.0021546,             0.81862,             0.80822,             0.86906,             0.50516,            0.031468,            0.012965,           0.0011037,           0.0080695,           0.0080695,           0.0080695
                  41,              0.0347,             0.02317,           0.0023064,             0.82707,             0.80358,             0.87179,             0.50879,            0.031514,            0.012868,           0.0010286,             0.00802,             0.00802,             0.00802
                  42,            0.034619,            0.022973,           0.0020989,              0.8159,             0.81059,             0.87405,             0.51639,            0.031245,            0.012783,           0.0011288,           0.0079705,           0.0079705,           0.0079705
                  43,            0.034717,            0.023091,           0.0023198,             0.80372,             0.82123,             0.87527,             0.51753,            0.030958,            0.012806,           0.0010985,            0.007921,            0.007921,            0.007921
                  44,            0.034472,            0.023048,           0.0022223,             0.83093,             0.81024,             0.88125,             0.52007,            0.030878,            0.012728,           0.0010502,           0.0078715,           0.0078715,           0.0078715
                  45,            0.034171,            0.022795,           0.0020543,             0.81631,             0.81774,             0.87951,             0.52576,            0.030914,            0.012675,           0.0010171,            0.007822,            0.007822,            0.007822
                  46,            0.034327,            0.022925,            0.002164,             0.82086,             0.82207,             0.88367,             0.52513,             0.03101,            0.012621,           0.0011039,           0.0077725,           0.0077725,           0.0077725
                  47,            0.034299,            0.022895,           0.0022574,             0.82502,             0.82888,             0.88735,             0.52764,            0.030655,            0.012585,           0.0011084,            0.007723,            0.007723,            0.007723
                  48,             0.03409,            0.022786,           0.0021161,             0.82987,             0.82379,             0.88792,             0.53255,            0.030451,            0.012516,           0.0011076,           0.0076735,           0.0076735,           0.0076735
                  49,            0.034063,            0.022676,           0.0020127,             0.82467,             0.82735,             0.89076,              0.5356,              0.0304,            0.012451,           0.0010601,            0.007624,            0.007624,            0.007624
                  50,             0.03378,            0.022584,           0.0019698,             0.81972,             0.83086,             0.88791,             0.53293,            0.030233,            0.012463,           0.0010555,           0.0075745,           0.0075745,           0.0075745
                  51,            0.033823,            0.022722,           0.0019425,             0.82117,             0.83806,             0.89147,             0.53583,            0.030049,            0.012467,           0.0010587,            0.007525,            0.007525,            0.007525
                  52,            0.033806,            0.022732,           0.0020728,              0.8425,              0.8151,             0.89118,             0.53724,            0.030057,            0.012431,           0.0010149,           0.0074755,           0.0074755,           0.0074755
                  53,            0.033693,            0.022432,           0.0019276,              0.8431,             0.82569,             0.89164,             0.53725,             0.02995,            0.012373,           0.0010305,            0.007426,            0.007426,            0.007426
                  54,            0.033426,            0.022539,           0.0020956,             0.83603,             0.84051,             0.89725,             0.54097,            0.029951,            0.012306,           0.0010772,           0.0073765,           0.0073765,           0.0073765
                  55,            0.033456,            0.022585,           0.0019477,             0.83653,             0.84179,             0.89911,             0.54475,            0.029845,            0.012271,           0.0011156,            0.007327,            0.007327,            0.007327
                  56,            0.033377,            0.022424,           0.0018279,             0.83272,              0.8401,             0.89787,             0.54545,             0.02979,            0.012258,           0.0010748,           0.0072775,           0.0072775,           0.0072775
                  57,            0.033379,            0.022283,           0.0020715,             0.83565,             0.85392,              0.9009,             0.54896,             0.02974,            0.012206,            0.001012,            0.007228,            0.007228,            0.007228
                  58,            0.033247,            0.022422,           0.0019318,             0.83998,             0.85018,             0.90118,             0.55011,            0.029649,            0.012145,           0.0010147,           0.0071785,           0.0071785,           0.0071785
                  59,            0.033117,            0.022117,           0.0019029,             0.84797,             0.84201,             0.90316,             0.55193,            0.029498,            0.012116,          0.00099422,            0.007129,            0.007129,            0.007129
                  60,            0.033076,            0.022245,           0.0019004,             0.85113,             0.84492,             0.90414,             0.55331,             0.02936,            0.012092,          0.00098713,           0.0070795,           0.0070795,           0.0070795
                  61,            0.032779,            0.022098,           0.0018909,             0.85079,             0.84366,             0.90523,             0.55611,             0.02918,            0.012052,          0.00097145,             0.00703,             0.00703,             0.00703
                  62,            0.032919,            0.021984,           0.0019787,             0.86215,             0.83961,             0.90694,             0.55731,            0.029109,            0.012021,          0.00095097,           0.0069805,           0.0069805,           0.0069805
                  63,             0.03276,            0.022007,           0.0017991,             0.84668,             0.84838,             0.90817,             0.55866,            0.029045,            0.011982,          0.00094425,            0.006931,            0.006931,            0.006931
                  64,            0.032622,            0.022129,           0.0017351,             0.85677,              0.8424,             0.90946,             0.56162,            0.029013,             0.01195,          0.00094733,           0.0068815,           0.0068815,           0.0068815
                  65,            0.032468,            0.022024,           0.0019075,             0.85091,              0.8408,             0.90816,             0.56524,            0.028894,            0.011916,          0.00096178,            0.006832,            0.006832,            0.006832
                  66,            0.032252,            0.021956,           0.0017642,             0.85667,             0.83928,             0.90989,             0.56733,            0.028753,            0.011875,          0.00096358,           0.0067825,           0.0067825,           0.0067825
                  67,            0.032571,            0.021964,           0.0018338,             0.85708,             0.83951,             0.91181,             0.56886,            0.028648,            0.011845,          0.00095059,            0.006733,            0.006733,            0.006733
                  68,            0.032324,              0.0219,           0.0017753,             0.86013,             0.84593,             0.91481,             0.56998,            0.028595,            0.011832,          0.00093425,           0.0066835,           0.0066835,           0.0066835
                  69,            0.032203,            0.021849,           0.0017227,             0.85262,             0.84873,              0.9138,             0.57083,            0.028527,             0.01183,          0.00092295,            0.006634,            0.006634,            0.006634
                  70,            0.032227,            0.021854,           0.0016944,             0.85069,             0.85146,             0.91541,              0.5724,            0.028496,            0.011806,          0.00091143,           0.0065845,           0.0065845,           0.0065845
                  71,            0.032224,            0.021733,           0.0016734,             0.86096,             0.84453,              0.9146,             0.57297,            0.028485,            0.011791,          0.00089604,            0.006535,            0.006535,            0.006535
                  72,            0.032003,            0.021782,           0.0018623,             0.85549,             0.85221,             0.91613,             0.57288,            0.028477,             0.01176,          0.00087873,           0.0064855,           0.0064855,           0.0064855
                  73,            0.032014,            0.021742,           0.0017109,             0.85696,             0.85594,             0.91753,             0.57467,            0.028419,            0.011732,           0.0008683,            0.006436,            0.006436,            0.006436
                  74,            0.031957,            0.021592,           0.0017251,             0.86089,             0.85835,             0.91828,             0.57482,            0.028389,            0.011708,          0.00086132,           0.0063865,           0.0063865,           0.0063865
                  75,            0.032025,            0.021755,           0.0017643,             0.86186,             0.85926,             0.91881,             0.57651,            0.028345,            0.011691,          0.00085305,            0.006337,            0.006337,            0.006337
                  76,            0.031635,            0.021559,           0.0016823,             0.86424,              0.8584,             0.91888,             0.57755,            0.028293,            0.011672,           0.0008491,           0.0062875,           0.0062875,           0.0062875
                  77,             0.03153,            0.021368,           0.0017265,             0.86723,             0.85513,              0.9203,             0.57835,            0.028249,            0.011654,          0.00084589,            0.006238,            0.006238,            0.006238
                  78,            0.031637,            0.021528,           0.0016863,             0.86172,             0.86229,             0.92146,             0.57985,            0.028196,            0.011635,          0.00083624,           0.0061885,           0.0061885,           0.0061885
                  79,            0.031427,            0.021365,           0.0017072,             0.86197,             0.86401,             0.92208,             0.58069,             0.02814,            0.011615,          0.00082779,            0.006139,            0.006139,            0.006139
                  80,            0.031393,            0.021348,           0.0016627,             0.86245,             0.86571,             0.92306,             0.58251,            0.028094,            0.011595,          0.00082185,           0.0060895,           0.0060895,           0.0060895
                  81,            0.031158,            0.021482,           0.0016762,              0.8649,             0.86509,             0.92406,             0.58339,            0.028033,            0.011576,          0.00081462,             0.00604,             0.00604,             0.00604
                  82,            0.031359,            0.021298,           0.0016669,             0.86641,             0.86662,             0.92487,             0.58435,            0.027965,            0.011562,          0.00081083,           0.0059905,           0.0059905,           0.0059905
                  83,            0.031457,             0.02144,           0.0016879,             0.86976,             0.86335,             0.92495,             0.58492,            0.027904,            0.011548,          0.00080513,            0.005941,            0.005941,            0.005941
                  84,            0.031344,            0.021283,           0.0017097,             0.86963,             0.86261,             0.92519,             0.58532,            0.027855,            0.011532,          0.00080018,           0.0058915,           0.0058915,           0.0058915
                  85,            0.030986,            0.021011,           0.0015413,             0.87075,             0.86345,             0.92585,             0.58631,             0.02783,            0.011512,          0.00079501,            0.005842,            0.005842,            0.005842
                  86,            0.031134,            0.021026,           0.0016334,             0.87207,             0.86392,             0.92508,             0.58692,            0.027798,            0.011494,          0.00079136,           0.0057925,           0.0057925,           0.0057925
                  87,            0.030903,            0.021136,           0.0015611,             0.87126,             0.86845,             0.92563,              0.5881,            0.027772,            0.011478,          0.00079315,            0.005743,            0.005743,            0.005743
                  88,            0.030816,            0.020938,           0.0014897,             0.87126,             0.87153,             0.92639,             0.58844,             0.02773,             0.01146,          0.00079361,           0.0056935,           0.0056935,           0.0056935
                  89,            0.030701,             0.02075,           0.0015662,             0.87408,             0.87308,             0.92782,             0.58912,            0.027708,            0.011445,          0.00079433,            0.005644,            0.005644,            0.005644
                  90,            0.030794,            0.020913,           0.0016063,             0.87469,             0.87108,             0.92794,             0.58977,            0.027683,             0.01143,          0.00079467,           0.0055945,           0.0055945,           0.0055945
                  91,            0.030777,            0.020918,           0.0015287,             0.87931,             0.86761,             0.92828,             0.58998,             0.02765,            0.011415,          0.00079327,            0.005545,            0.005545,            0.005545
                  92,            0.030446,            0.020853,           0.0016149,             0.87986,             0.86493,             0.92866,             0.59102,            0.027619,            0.011402,          0.00078924,           0.0054955,           0.0054955,           0.0054955
                  93,            0.030438,            0.020732,           0.0015441,             0.88024,             0.86636,             0.92802,              0.5919,            0.027591,            0.011392,          0.00078406,            0.005446,            0.005446,            0.005446
                  94,            0.030534,            0.020852,           0.0016145,             0.87822,             0.87033,              0.9289,              0.5926,            0.027562,             0.01138,          0.00078285,           0.0053965,           0.0053965,           0.0053965
                  95,            0.030361,            0.020866,           0.0016513,             0.87456,             0.87581,             0.92947,             0.59285,            0.027532,            0.011368,          0.00078153,            0.005347,            0.005347,            0.005347
                  96,            0.030417,            0.020621,           0.0015331,             0.87886,             0.87128,             0.93013,             0.59416,            0.027508,            0.011354,           0.0007822,           0.0052975,           0.0052975,           0.0052975
                  97,            0.030292,            0.020832,           0.0015026,             0.87405,             0.87702,             0.93038,             0.59489,            0.027481,            0.011341,          0.00078004,            0.005248,            0.005248,            0.005248
                  98,            0.030214,             0.02064,           0.0016069,             0.87676,             0.87376,             0.93091,             0.59556,            0.027451,            0.011326,          0.00077717,           0.0051985,           0.0051985,           0.0051985
                  99,            0.030219,            0.020561,           0.0015391,              0.8797,             0.87189,              0.9315,             0.59651,             0.02742,            0.011312,           0.0007774,            0.005149,            0.005149,            0.005149
                 100,            0.030051,            0.020489,            0.001543,             0.87946,             0.87146,             0.93195,             0.59765,            0.027388,            0.011298,          0.00077639,           0.0050995,           0.0050995,           0.0050995
                 101,            0.029885,              0.0206,            0.001479,             0.87948,             0.87542,             0.93231,             0.59846,            0.027361,            0.011285,          0.00077386,             0.00505,             0.00505,             0.00505
                 102,            0.029989,            0.020489,           0.0016149,             0.88023,             0.87531,             0.93216,              0.5995,            0.027334,             0.01127,          0.00077163,           0.0050005,           0.0050005,           0.0050005
                 103,            0.029793,            0.020511,            0.001505,             0.87966,              0.8779,             0.93263,             0.59977,            0.027309,            0.011256,          0.00076988,            0.004951,            0.004951,            0.004951
                 104,            0.029868,             0.02048,           0.0014614,             0.87874,             0.87824,             0.93286,             0.60056,            0.027292,            0.011242,          0.00076895,           0.0049015,           0.0049015,           0.0049015
                 105,              0.0296,            0.020396,           0.0014252,             0.88194,             0.87359,             0.93301,             0.60143,            0.027268,            0.011229,          0.00076776,            0.004852,            0.004852,            0.004852
                 106,            0.029537,            0.020432,            0.001445,             0.87902,             0.87827,             0.93291,             0.60194,            0.027243,            0.011217,          0.00076657,           0.0048025,           0.0048025,           0.0048025
                 107,            0.029498,            0.020231,           0.0014527,              0.8823,             0.87586,             0.93336,             0.60328,            0.027217,            0.011204,          0.00076505,            0.004753,            0.004753,            0.004753
                 108,            0.029456,            0.020173,           0.0014698,             0.88263,             0.87859,             0.93433,             0.60411,             0.02719,            0.011191,          0.00076336,           0.0047035,           0.0047035,           0.0047035
                 109,            0.029529,            0.020177,            0.001457,             0.88226,             0.88229,             0.93452,             0.60417,            0.027162,            0.011177,          0.00076189,            0.004654,            0.004654,            0.004654
                 110,            0.029096,            0.020244,           0.0014386,             0.88284,             0.88229,             0.93479,             0.60429,            0.027135,            0.011166,          0.00076061,           0.0046045,           0.0046045,           0.0046045
                 111,             0.02922,            0.020066,           0.0013419,              0.8829,             0.88286,             0.93498,             0.60496,            0.027106,            0.011155,          0.00075961,            0.004555,            0.004555,            0.004555
                 112,            0.029146,            0.020214,           0.0014815,             0.88397,             0.88413,             0.93533,             0.60562,            0.027081,            0.011144,          0.00075892,           0.0045055,           0.0045055,           0.0045055
                 113,            0.029229,            0.020057,           0.0013933,             0.88435,             0.88476,             0.93576,              0.6065,            0.027049,            0.011132,          0.00075754,            0.004456,            0.004456,            0.004456
                 114,            0.029101,            0.020031,           0.0013967,              0.8841,             0.88458,             0.93593,             0.60703,            0.027022,            0.011121,          0.00075653,           0.0044065,           0.0044065,           0.0044065
                 115,            0.029095,            0.019875,           0.0015013,             0.88586,             0.88534,             0.93606,             0.60733,             0.02699,            0.011108,          0.00075648,            0.004357,            0.004357,            0.004357
                 116,            0.028789,            0.019954,           0.0013854,             0.88561,             0.88771,             0.93617,              0.6082,            0.026958,            0.011096,          0.00075518,           0.0043075,           0.0043075,           0.0043075
                 117,            0.028813,            0.019957,           0.0014901,             0.88973,             0.88442,             0.93644,             0.60896,             0.02693,            0.011084,          0.00075329,            0.004258,            0.004258,            0.004258
                 118,            0.028882,            0.019802,           0.0013819,             0.89017,             0.88502,             0.93672,             0.60962,            0.026896,            0.011072,          0.00075246,           0.0042085,           0.0042085,           0.0042085
                 119,            0.028855,            0.019736,           0.0015092,             0.89091,              0.8862,             0.93746,             0.61017,            0.026866,            0.011059,          0.00075099,            0.004159,            0.004159,            0.004159
                 120,            0.028781,            0.019789,           0.0014057,             0.89074,             0.88773,             0.93771,             0.61094,            0.026832,            0.011047,          0.00074932,           0.0041095,           0.0041095,           0.0041095
                 121,            0.028572,             0.01967,           0.0013055,             0.89056,             0.88802,             0.93748,             0.61152,            0.026796,            0.011035,          0.00074818,             0.00406,             0.00406,             0.00406
                 122,            0.028648,            0.019777,           0.0013323,             0.89021,             0.88872,             0.93783,             0.61246,            0.026761,            0.011023,          0.00074659,           0.0040105,           0.0040105,           0.0040105
                 123,             0.02851,            0.019778,           0.0013745,             0.89178,             0.88884,             0.93805,             0.61269,            0.026726,            0.011011,          0.00074554,            0.003961,            0.003961,            0.003961
                 124,            0.028436,            0.019695,           0.0014655,             0.89115,             0.88825,             0.93843,             0.61319,            0.026693,            0.010999,          0.00074325,           0.0039115,           0.0039115,           0.0039115
                 125,            0.028223,            0.019406,           0.0013907,             0.89087,             0.88791,             0.93864,             0.61302,             0.02666,            0.010988,          0.00074252,            0.003862,            0.003862,            0.003862
                 126,            0.028337,            0.019525,           0.0013651,             0.89076,             0.88768,             0.93872,             0.61461,            0.026625,            0.010976,          0.00074231,           0.0038125,           0.0038125,           0.0038125
                 127,            0.028003,            0.019521,           0.0013278,              0.8906,             0.88541,             0.93928,             0.61496,            0.026595,            0.010963,          0.00074052,            0.003763,            0.003763,            0.003763
                 128,            0.028217,            0.019508,           0.0013371,             0.89017,             0.88501,              0.9393,              0.6157,            0.026561,             0.01095,          0.00073854,           0.0037135,           0.0037135,           0.0037135
                 129,            0.028002,             0.01955,           0.0013098,              0.8921,             0.88501,             0.93929,             0.61679,            0.026526,            0.010938,          0.00073666,            0.003664,            0.003664,            0.003664
                 130,            0.027955,            0.019435,           0.0012786,             0.89384,             0.88549,             0.93917,             0.61745,            0.026495,            0.010927,          0.00073567,           0.0036145,           0.0036145,           0.0036145
                 131,            0.027897,            0.019329,           0.0012616,             0.89374,             0.88686,             0.93945,              0.6181,            0.026463,            0.010915,          0.00073523,            0.003565,            0.003565,            0.003565
                 132,            0.027731,            0.019125,           0.0012977,             0.89538,             0.88731,             0.93995,             0.61884,            0.026433,            0.010903,          0.00073445,           0.0035155,           0.0035155,           0.0035155
                 133,            0.027861,            0.019496,           0.0013337,             0.89514,             0.88731,             0.94037,             0.62006,            0.026399,             0.01089,          0.00073388,            0.003466,            0.003466,            0.003466
                 134,            0.027731,            0.019219,           0.0012982,             0.89612,             0.88731,             0.94043,             0.62087,            0.026367,            0.010876,          0.00073328,           0.0034165,           0.0034165,           0.0034165
                 135,            0.027446,            0.019346,           0.0011805,             0.89776,             0.88731,             0.94058,             0.62112,            0.026336,            0.010863,          0.00073417,            0.003367,            0.003367,            0.003367
                 136,            0.027588,            0.019042,           0.0012678,               0.897,             0.88682,             0.94041,             0.62241,            0.026302,            0.010848,          0.00073543,           0.0033175,           0.0033175,           0.0033175
                 137,            0.027351,            0.018912,           0.0012285,             0.89741,             0.88731,             0.94122,             0.62303,            0.026269,            0.010835,          0.00073511,            0.003268,            0.003268,            0.003268
                 138,             0.02747,            0.019073,           0.0011927,              0.8992,             0.88594,             0.94126,             0.62383,            0.026233,            0.010821,          0.00073464,           0.0032185,           0.0032185,           0.0032185
                 139,            0.027499,            0.019065,           0.0012738,             0.90019,             0.88594,             0.94163,             0.62484,            0.026195,            0.010806,          0.00073356,            0.003169,            0.003169,            0.003169
                 140,            0.027302,            0.018934,           0.0013696,             0.90225,             0.88687,             0.94209,             0.62545,            0.026161,            0.010791,          0.00073339,           0.0031195,           0.0031195,           0.0031195
                 141,            0.027165,            0.018802,           0.0011661,             0.90286,             0.88607,             0.94231,             0.62577,            0.026127,            0.010778,          0.00073228,             0.00307,             0.00307,             0.00307
                 142,            0.027086,            0.018802,           0.0012933,             0.90459,             0.88253,             0.94246,             0.62602,            0.026091,            0.010764,           0.0007319,           0.0030205,           0.0030205,           0.0030205
                 143,            0.026858,            0.018785,           0.0011299,             0.90614,              0.8841,             0.94273,             0.62638,            0.026057,             0.01075,          0.00073276,            0.002971,            0.002971,            0.002971
                 144,            0.026886,            0.018693,           0.0011583,             0.90655,             0.88457,             0.94285,              0.6266,            0.026022,            0.010736,          0.00073406,           0.0029215,           0.0029215,           0.0029215
                 145,            0.026897,            0.018819,           0.0011812,             0.90792,             0.88401,             0.94303,             0.62683,            0.025987,            0.010721,           0.0007341,            0.002872,            0.002872,            0.002872
                 146,            0.026737,            0.018727,           0.0012078,             0.90759,             0.88319,             0.94266,             0.62825,            0.025951,            0.010706,          0.00073367,           0.0028225,           0.0028225,           0.0028225
                 147,             0.02675,            0.018781,            0.001164,             0.90866,             0.88273,             0.94346,              0.6288,            0.025913,            0.010692,          0.00073368,            0.002773,            0.002773,            0.002773
                 148,            0.026602,            0.018597,           0.0012679,             0.90867,             0.88298,             0.94379,             0.62918,            0.025876,            0.010678,          0.00073388,           0.0027235,           0.0027235,           0.0027235
                 149,            0.026645,            0.018654,           0.0011815,             0.90862,             0.88327,             0.94393,             0.62946,            0.025844,            0.010665,          0.00073342,            0.002674,            0.002674,            0.002674
                 150,             0.02654,            0.018663,           0.0011868,             0.90457,             0.88842,             0.94394,             0.62974,            0.025811,            0.010651,          0.00073297,           0.0026245,           0.0026245,           0.0026245
                 151,            0.026507,            0.018454,           0.0011828,             0.90351,             0.88855,             0.94402,             0.63076,            0.025776,            0.010637,          0.00073242,            0.002575,            0.002575,            0.002575
                 152,            0.026573,            0.018453,           0.0011572,             0.90516,             0.88846,             0.94494,              0.6316,            0.025742,            0.010623,          0.00073268,           0.0025255,           0.0025255,           0.0025255
                 153,            0.026164,            0.018417,           0.0011694,             0.90367,             0.89005,             0.94437,             0.63213,             0.02571,             0.01061,          0.00073247,            0.002476,            0.002476,            0.002476
                 154,            0.026181,            0.018288,           0.0011075,              0.9034,             0.88958,              0.9447,             0.63325,            0.025676,            0.010596,          0.00073118,           0.0024265,           0.0024265,           0.0024265
                 155,            0.026236,            0.018541,           0.0012423,             0.90342,             0.88933,             0.94433,             0.63411,             0.02564,            0.010583,          0.00073072,            0.002377,            0.002377,            0.002377
                 156,            0.026071,            0.018222,           0.0011335,             0.90283,              0.8902,             0.94456,             0.63418,            0.025605,            0.010569,          0.00073049,           0.0023275,           0.0023275,           0.0023275
                 157,            0.025969,            0.018139,           0.0011226,             0.90334,             0.88982,             0.94442,             0.63495,            0.025571,            0.010555,          0.00072963,            0.002278,            0.002278,            0.002278
                 158,             0.02592,             0.01816,           0.0011154,             0.90515,             0.88921,             0.94472,             0.63594,             0.02554,            0.010541,          0.00072801,           0.0022285,           0.0022285,           0.0022285
                 159,            0.025835,            0.018098,           0.0010982,             0.90568,             0.88878,             0.94436,             0.63647,            0.025505,            0.010525,          0.00072624,            0.002179,            0.002179,            0.002179
                 160,            0.025897,            0.018097,           0.0011075,              0.9058,             0.88865,             0.94458,             0.63738,            0.025471,             0.01051,          0.00072557,           0.0021295,           0.0021295,           0.0021295
                 161,            0.025539,            0.018035,           0.0011514,             0.90699,             0.88878,             0.94477,              0.6384,            0.025435,            0.010496,          0.00072478,             0.00208,             0.00208,             0.00208
                 162,            0.025542,             0.01802,           0.0010324,             0.90673,             0.88912,             0.94503,             0.63875,            0.025403,            0.010481,          0.00072452,           0.0020305,           0.0020305,           0.0020305
                 163,            0.025503,            0.018026,           0.0011127,             0.90626,             0.88986,             0.94516,             0.63988,            0.025369,            0.010468,          0.00072376,            0.001981,            0.001981,            0.001981
                 164,            0.025465,            0.017806,           0.0011487,             0.90617,             0.89005,             0.94506,             0.64047,            0.025334,            0.010455,          0.00072181,           0.0019315,           0.0019315,           0.0019315
                 165,            0.025275,            0.017944,              0.0011,             0.90581,             0.89014,             0.94495,             0.64113,            0.025298,             0.01044,          0.00071884,            0.001882,            0.001882,            0.001882
                 166,            0.025267,            0.017877,            0.001074,             0.90859,             0.88959,             0.94518,             0.64154,            0.025263,            0.010425,          0.00071553,           0.0018325,           0.0018325,           0.0018325
                 167,            0.025183,            0.017766,           0.0010215,             0.90264,             0.89758,             0.94602,             0.64261,             0.02523,             0.01041,          0.00071225,            0.001783,            0.001783,            0.001783
                 168,            0.025138,            0.017854,           0.0011282,             0.90015,             0.89874,             0.94642,             0.64382,            0.025197,            0.010397,          0.00070866,           0.0017335,           0.0017335,           0.0017335
                 169,            0.024961,            0.017697,           0.0010335,             0.90188,             0.89824,             0.94708,             0.64476,            0.025162,            0.010383,          0.00070563,            0.001684,            0.001684,            0.001684
                 170,            0.025081,            0.017742,           0.0010246,             0.90119,             0.89828,             0.94713,             0.64543,            0.025127,            0.010369,          0.00070337,           0.0016345,           0.0016345,           0.0016345
                 171,            0.024887,            0.017747,           0.0011255,             0.90368,             0.89781,             0.94728,             0.64619,            0.025092,            0.010355,          0.00070083,            0.001585,            0.001585,            0.001585
                 172,            0.024867,            0.017685,          0.00096151,             0.90432,             0.89735,              0.9473,             0.64707,             0.02506,            0.010341,          0.00069806,           0.0015355,           0.0015355,           0.0015355
                 173,            0.024548,             0.01751,          0.00094394,             0.90471,              0.8981,             0.94754,             0.64787,            0.025026,            0.010327,          0.00069594,            0.001486,            0.001486,            0.001486
                 174,            0.024671,            0.017461,           0.0010378,             0.90565,              0.8981,             0.94756,             0.64827,            0.024994,            0.010314,          0.00069264,           0.0014365,           0.0014365,           0.0014365
                 175,            0.024287,            0.017483,           0.0010413,             0.90636,             0.89945,             0.94764,             0.64934,            0.024962,              0.0103,          0.00068948,            0.001387,            0.001387,            0.001387
                 176,            0.024433,            0.017424,          0.00093581,             0.90846,             0.89977,             0.94785,             0.64985,             0.02493,            0.010287,          0.00068704,           0.0013375,           0.0013375,           0.0013375
                 177,             0.02431,            0.017148,           0.0010064,             0.90923,             0.90135,             0.94872,             0.65095,            0.024895,            0.010273,          0.00068423,            0.001288,            0.001288,            0.001288
                 178,            0.024298,            0.017371,           0.0010318,             0.90798,               0.901,             0.94926,             0.65167,            0.024862,            0.010261,          0.00068278,           0.0012385,           0.0012385,           0.0012385
                 179,            0.024251,            0.017195,           0.0009361,             0.90802,             0.90203,             0.94981,             0.65285,             0.02483,            0.010248,          0.00068101,            0.001189,            0.001189,            0.001189
                 180,            0.024213,            0.017215,            0.001046,             0.90865,             0.90191,             0.94994,             0.65401,            0.024796,            0.010235,          0.00067931,           0.0011395,           0.0011395,           0.0011395
                 181,            0.024015,            0.017081,          0.00098942,             0.90955,             0.90161,             0.95019,             0.65495,            0.024762,            0.010222,          0.00067777,             0.00109,             0.00109,             0.00109
                 182,            0.023871,            0.017155,           0.0009964,             0.91032,             0.90193,             0.95043,             0.65575,            0.024731,             0.01021,          0.00067631,           0.0010405,           0.0010405,           0.0010405
                 183,            0.023744,            0.017033,           0.0010061,             0.90925,              0.9025,             0.95086,             0.65649,            0.024698,            0.010198,          0.00067534,            0.000991,            0.000991,            0.000991
                 184,            0.023774,            0.016957,          0.00096302,             0.91005,             0.90334,             0.95077,             0.65724,            0.024663,            0.010184,          0.00067373,           0.0009415,           0.0009415,           0.0009415
                 185,            0.023648,            0.016903,          0.00092434,              0.9091,             0.90353,              0.9509,             0.65784,            0.024629,            0.010171,          0.00067236,            0.000892,            0.000892,            0.000892
                 186,             0.02353,            0.016836,          0.00095665,              0.9113,             0.90352,             0.95137,             0.65851,            0.024596,            0.010158,          0.00067143,           0.0008425,           0.0008425,           0.0008425
                 187,            0.023535,             0.01675,           0.0010253,             0.91123,             0.90369,              0.9515,             0.65952,            0.024562,            0.010145,          0.00067081,            0.000793,            0.000793,            0.000793
                 188,            0.023444,            0.016776,          0.00089952,             0.91116,             0.90655,              0.9514,             0.66042,            0.024529,            0.010133,          0.00066975,           0.0007435,           0.0007435,           0.0007435
                 189,            0.023376,            0.016753,           0.0009571,             0.91115,               0.908,              0.9515,             0.66099,            0.024494,            0.010121,           0.0006684,            0.000694,            0.000694,            0.000694
                 190,            0.023175,            0.016867,          0.00095834,             0.91205,             0.90714,             0.95161,             0.66143,            0.024459,            0.010108,          0.00066725,           0.0006445,           0.0006445,           0.0006445
                 191,            0.023117,            0.016627,          0.00090634,              0.9112,             0.90616,             0.95172,             0.66205,            0.024425,            0.010095,          0.00066573,            0.000595,            0.000595,            0.000595
                 192,             0.02312,            0.016775,          0.00086948,             0.91507,             0.90471,             0.95164,              0.6623,            0.024393,            0.010082,          0.00066397,           0.0005455,           0.0005455,           0.0005455
                 193,            0.022936,            0.016617,          0.00093262,             0.91471,             0.90584,             0.95215,             0.66287,            0.024361,             0.01007,          0.00066251,            0.000496,            0.000496,            0.000496
                 194,            0.023006,            0.016547,          0.00090545,             0.91682,             0.90503,             0.95243,             0.66431,             0.02433,            0.010059,          0.00066137,           0.0004465,           0.0004465,           0.0004465
                 195,            0.022953,            0.016548,          0.00091676,             0.91786,             0.90563,             0.95268,             0.66504,            0.024299,            0.010047,          0.00066034,            0.000397,            0.000397,            0.000397
                 196,             0.02276,             0.01644,          0.00085946,             0.91617,             0.90744,             0.95282,             0.66552,            0.024269,            0.010036,          0.00065961,           0.0003475,           0.0003475,           0.0003475
                 197,            0.022735,            0.016404,          0.00087861,             0.91522,             0.90807,             0.95326,             0.66637,            0.024239,            0.010025,           0.0006595,            0.000298,            0.000298,            0.000298
                 198,            0.022509,            0.016346,          0.00090179,             0.91523,             0.90885,             0.95336,             0.66728,             0.02421,            0.010014,          0.00065926,           0.0002485,           0.0002485,           0.0002485
                 199,            0.022545,            0.016338,          0.00084494,             0.91654,             0.90882,              0.9534,             0.66816,            0.024181,            0.010003,            0.000659,            0.000199,            0.000199,            0.000199
